xmin,ymin,width,height
0.4764440655708313,0.4603995978832245,0.22474032640457153,0.1254207193851471
