xmin,ymin,width,height
0.3217942714691162,0.4217888116836548,0.3321658968925476,0.18627768754959106
